Source,Target,Type,Weight
GCA,GTT,Directed,2
GTT,CCG,Directed,1
CCG,CCT,Directed,2
CCT,CAA,Directed,1
CAA,GTT,Directed,1
GTT,TGG,Directed,1
TGG,TCT,Directed,1
TCT,GGT,Directed,3
GGT,GCA,Directed,1
GCA,TCG,Directed,1
TCG,TCA,Directed,1
TCA,ACG,Directed,1
ACG,AGC,Directed,1
AGC,TGA,Directed,1
TGA,CCT,Directed,1
CCT,GCC,Directed,2
GCC,GCT,Directed,1
GCT,TGA,Directed,1
TGA,GCA,Directed,1
GCA,CCT,Directed,1
CCT,GCA,Directed,1
GCA,TCC,Directed,1
TCC,GCG,Directed,1
GCG,TGG,Directed,1
TGG,TGG,Directed,1
TGG,TCA,Directed,4
TCA,CCA,Directed,1
CCA,CTG,Directed,1
CTG,AAC,Directed,1
AAC,GCA,Directed,1
GCA,CAT,Directed,1
CAT,CTG,Directed,2
CTG,GTA,Directed,1
GTA,CAA,Directed,1
CAA,CGG,Directed,2
CGG,CCT,Directed,1
CCT,CCG,Directed,2
CCG,AGA,Directed,1
AGA,ATA,Directed,1
ATA,TCT,Directed,2
TCT,CGT,Directed,2
CGT,TAA,Directed,1
TAA,TCA,Directed,2
TCA,GGC,Directed,1
GGC,GAT,Directed,1
GAT,GGT,Directed,1
GGT,TGT,Directed,1
TGT,GCA,Directed,1
GCA,GAT,Directed,2
GAT,AGC,Directed,1
AGC,GGG,Directed,1
GGG,CGT,Directed,1
CGT,AGG,Directed,1
AGG,CCA,Directed,1
CCA,AGT,Directed,1
AGT,GCT,Directed,1
GCT,TGG,Directed,2
TGG,TCG,Directed,1
TCG,TAT,Directed,1
TAT,ACC,Directed,1
ACC,CTT,Directed,1
CTT,CGT,Directed,1
CGT,CCT,Directed,2
CCT,GGT,Directed,1
GGT,CAT,Directed,1
CAT,CCT,Directed,2
CCT,CGT,Directed,2
CCG,CCG,Directed,1
CCG,GCT,Directed,1
GCT,GAA,Directed,1
GAA,TGT,Directed,1
TGT,CGA,Directed,1
CGA,TGC,Directed,1
TGC,GTC,Directed,1
GTC,GCT,Directed,2
GCT,CAT,Directed,1
CAT,GCT,Directed,1
GCT,GCG,Directed,2
GCG,ACT,Directed,1
ACT,TAC,Directed,1
TAC,TGC,Directed,1
TGC,CGC,Directed,2
CGC,CAC,Directed,2
CAC,CGC,Directed,2
CGC,GTG,Directed,1
GTG,ACG,Directed,1
ACG,GTG,Directed,1
GTG,TCT,Directed,1
TCT,CAT,Directed,3
CAT,GCA,Directed,1
GCA,TAT,Directed,1
TAT,CCA,Directed,1
CCA,CGT,Directed,1
CGT,CGG,Directed,2
CGG,TCT,Directed,1
TCT,TCA,Directed,1
TCA,CCT,Directed,1
CCT,TGC,Directed,1
TGC,TTT,Directed,1
TTT,TGG,Directed,2
TGG,CCG,Directed,3
CCG,ACA,Directed,1
ACA,TGT,Directed,2
TGT,AGG,Directed,2
AGG,CCT,Directed,2
CCT,GAT,Directed,1
GAT,AGG,Directed,1
AGG,CGG,Directed,1
CGG,GCG,Directed,1
GCG,TCT,Directed,2
GGT,GGT,Directed,1
GGT,AGG,Directed,1
CCT,TTA,Directed,1
TTA,GCG,Directed,1
GCG,ATT,Directed,1
ATT,TCT,Directed,1
CGT,ACT,Directed,1
ACT,CCA,Directed,1
CCA,GCT,Directed,3
GCT,TCT,Directed,2
TCT,CCG,Directed,2
CGT,ATT,Directed,1
ATT,CGT,Directed,2
CGT,CAA,Directed,1
CAA,TGA,Directed,1
TGA,ACT,Directed,1
ACT,CCG,Directed,1
CCG,TCT,Directed,1
TCT,TCT,Directed,2
CCT,CGG,Directed,1
CGG,GCA,Directed,2
GCA,GCA,Directed,2
GCA,ACT,Directed,1
ACT,TCC,Directed,1
TCC,ACA,Directed,2
ACA,TGG,Directed,1
TGG,CAC,Directed,1
CAC,CGA,Directed,1
CGA,TCT,Directed,1
TCT,TAC,Directed,1
TAC,CCA,Directed,1
GCT,CCC,Directed,1
CCC,ACA,Directed,1
ACA,GCT,Directed,1
GCT,TCA,Directed,1
TCA,GCT,Directed,2
GCT,CTG,Directed,1
CTG,GAT,Directed,1
GAT,GCT,Directed,1
GCT,TCG,Directed,1
TCG,CCT,Directed,1
CCT,TGA,Directed,1
TGA,CGC,Directed,1
CGC,TAT,Directed,1
TAT,CCC,Directed,1
CCC,AGA,Directed,1
AGA,CGC,Directed,2
CGC,GTT,Directed,1
GTT,TCG,Directed,2
TCG,AAT,Directed,1
AAT,ACC,Directed,2
ACC,GCA,Directed,1
GCA,TGT,Directed,1
AGG,GCA,Directed,1
GCA,AAA,Directed,1
AAA,TGG,Directed,1
TGG,GCT,Directed,1
CCG,GCG,Directed,1
GCG,GCT,Directed,1
GCT,TTG,Directed,1
TTG,GTG,Directed,2
GTG,GCT,Directed,2
TGG,GTA,Directed,1
GTA,GCC,Directed,1
GCC,TTG,Directed,1
TTG,ATT,Directed,1
CGT,TCT,Directed,1
GGT,TCT,Directed,1
TCT,TGC,Directed,1
TGC,TGC,Directed,8
TGC,TCG,Directed,1
TCG,ACG,Directed,1
ACG,ACT,Directed,1
ACT,TGG,Directed,1
TGG,TTA,Directed,1
TTA,CCT,Directed,2
CCT,TCT,Directed,1
TCT,GTG,Directed,1
GTG,GCG,Directed,1
GCG,TGA,Directed,2
TGA,ATG,Directed,1
ATG,CCG,Directed,1
CCG,GAT,Directed,1
GAT,TCC,Directed,1
TCC,CAT,Directed,1
CAT,AGT,Directed,1
AGT,TGC,Directed,2
TGC,TGT,Directed,1
TGT,GCG,Directed,1
TGA,AGA,Directed,2
AGA,TGG,Directed,1
TGG,GCG,Directed,1
TCT,GAT,Directed,1
GAT,CCT,Directed,1
CCT,TGT,Directed,1
TGT,TGC,Directed,1
TGC,GAT,Directed,1
GAT,CGC,Directed,1
CAC,CAC,Directed,1
CAC,CTC,Directed,1
CTC,CGC,Directed,1
CGC,CGC,Directed,4
CGC,CGG,Directed,2
CGG,ATG,Directed,1
ATG,AAC,Directed,1
AAC,GCG,Directed,1
GCG,CGC,Directed,1
CGC,AGC,Directed,1
AGC,TGC,Directed,1
CGG,AGC,Directed,1
AGC,CAC,Directed,1
CGC,CCT,Directed,1
CCT,GGA,Directed,1
GGA,GTG,Directed,1
GTG,GTG,Directed,1
GTG,TGG,Directed,2
CCG,ATC,Directed,1
ATC,CCT,Directed,1
CCT,GGC,Directed,1
GGC,CGC,Directed,1
CGC,CAA,Directed,1
CGG,CTA,Directed,2
CTA,TCT,Directed,1
TCT,GCT,Directed,1
GCT,TGT,Directed,1
TGT,AGT,Directed,1
TGC,TTG,Directed,2
TTG,GCA,Directed,3
GCA,GGG,Directed,1
GGG,CCA,Directed,1
CCA,TCT,Directed,1
TCT,TTG,Directed,1
TTG,TGC,Directed,1
TGC,AAT,Directed,1
AAT,TCG,Directed,1
TCG,CTG,Directed,1
CTG,GTC,Directed,1
GTC,AAA,Directed,1
AAA,TTT,Directed,3
TTT,GTA,Directed,2
GTA,TGG,Directed,2
TGG,ATT,Directed,1
ATT,TTC,Directed,2
TTC,CAA,Directed,2
CAA,GAG,Directed,1
GAG,AAA,Directed,1
AAA,TAA,Directed,2
TAA,CAA,Directed,1
CAA,TTT,Directed,1
TTT,TCA,Directed,1
TCA,GAC,Directed,1
GAC,AGA,Directed,1
CGC,CAT,Directed,1
CAT,TTT,Directed,2
TTT,CTG,Directed,1
CTG,TCG,Directed,1
TCG,GCG,Directed,1
GCG,TTG,Directed,1
GTG,GAG,Directed,1
GAG,GTG,Directed,1
CCG,TAC,Directed,1
TAC,CTG,Directed,1
CTG,ATT,Directed,1
ATT,CTA,Directed,1
CTA,AGA,Directed,1
AGA,AAA,Directed,1
AAA,ATC,Directed,1
ATC,ATA,Directed,1
ATA,TAA,Directed,1
TAA,ACC,Directed,1
ACC,GGG,Directed,1
GGG,AAT,Directed,1
AAT,TGG,Directed,1
TGG,CAT,Directed,1
CAT,ATA,Directed,1
ATA,TAG,Directed,1
TAG,CGG,Directed,1
CGG,AAT,Directed,1
AAT,ATA,Directed,1
ATA,TAT,Directed,1
TAT,GAT,Directed,1
GAT,AAG,Directed,1
AAG,GAA,Directed,1
GAA,ATA,Directed,1
ATA,GTA,Directed,2
GTA,ACT,Directed,2
ACT,GCT,Directed,2
GCT,AGA,Directed,1
AGA,GAA,Directed,1
GAA,TAT,Directed,1
TAT,ACA,Directed,1
ACA,AAA,Directed,1
TTT,TAG,Directed,1
TAG,TTA,Directed,2
CCT,AAA,Directed,1
AAA,ACT,Directed,1
ACT,AGC,Directed,1
AGC,AGA,Directed,1
AGA,ACA,Directed,2
ACA,CTT,Directed,1
CTT,TAG,Directed,1
TAG,CTG,Directed,1
CTG,AAT,Directed,1
AAT,TGC,Directed,2
TGC,TAC,Directed,1
TAC,TTA,Directed,1
TTA,TAA,Directed,1
TAA,AAA,Directed,2
AAA,AAA,Directed,3
AAA,TCT,Directed,1
TCT,GTA,Directed,1
ACT,TCT,Directed,1
TTT,TAT,Directed,3
TAT,TCA,Directed,1
GCT,TTA,Directed,1
TTA,TAG,Directed,1
TAG,AAA,Directed,1
AAA,TCA,Directed,2
TCA,AAA,Directed,1
AAA,ATT,Directed,1
ATT,ATA,Directed,1
ATA,CCA,Directed,1
CCA,CAC,Directed,1
CAC,TAG,Directed,1
TAG,AAT,Directed,1
AAT,CTA,Directed,1
CTA,GAA,Directed,1
GAA,AAT,Directed,1
ACC,AAC,Directed,1
AAC,GGC,Directed,1
GGC,AAA,Directed,1
TCA,TTT,Directed,1
TTT,TCC,Directed,1
TCC,ATT,Directed,2
ATT,AAG,Directed,1
AAG,TTG,Directed,1
GCA,GCC,Directed,1
GCC,CCG,Directed,1
CCG,CAA,Directed,1
CAA,CTG,Directed,1
CTG,GGA,Directed,1
GGA,TTT,Directed,1
GTA,AAA,Directed,2
AAA,TAT,Directed,1
TAT,AAA,Directed,2
AAA,CAA,Directed,2
CAA,ATC,Directed,1
ATC,GTA,Directed,1
GTA,AAC,Directed,1
AAC,AAC,Directed,1
AAC,TAA,Directed,1
AAA,ATG,Directed,1
ATG,TTT,Directed,3
TTT,GCC,Directed,1
GCC,GGT,Directed,1
GGT,CGT,Directed,1
CGT,TTG,Directed,1
TTG,ATG,Directed,1
ATG,GTC,Directed,1
GTC,CGT,Directed,2
CGT,TCG,Directed,1
TCG,ATC,Directed,1
ATC,GTT,Directed,1
GTT,GGT,Directed,1
GGT,CGG,Directed,1
GCA,TGC,Directed,1
TTG,GCC,Directed,1
GCC,ACC,Directed,2
ACC,ATG,Directed,1
ATG,GGC,Directed,1
GGC,AGG,Directed,1
AGG,TGG,Directed,1
TCA,AAG,Directed,2
AAG,CCC,Directed,1
CCC,CAA,Directed,1
CAA,GCA,Directed,3
GCA,CAC,Directed,1
CAC,GCC,Directed,1
GCC,AGC,Directed,1
AGC,CAA,Directed,1
CAA,GTG,Directed,1
GTG,ATC,Directed,1
ATC,CTG,Directed,1
CTG,CCC,Directed,1
CCC,AGC,Directed,2
AGC,ACA,Directed,1
ACA,CCA,Directed,1
CCA,GCG,Directed,1
GCG,ATA,Directed,2
ATA,GCC,Directed,1
GCC,GCA,Directed,1
GTT,GCT,Directed,1
GCT,ATT,Directed,1
ATT,CAA,Directed,1
CAA,TGC,Directed,1
TGC,GAG,Directed,1
GAG,GAA,Directed,1
GAA,TTC,Directed,3
TTC,ACT,Directed,1
ACT,GCC,Directed,1
GCC,AAC,Directed,1
AAC,CGG,Directed,1
CGG,CGA,Directed,1
CGA,TTG,Directed,1
TTG,TTT,Directed,2
TTT,AGC,Directed,1
AGC,AGT,Directed,1
AGT,CAA,Directed,1
CAA,ATT,Directed,1
ATT,GAG,Directed,1
GAG,ACG,Directed,1
ACG,GAA,Directed,1
GAA,TCC,Directed,1
ACA,TTG,Directed,1
TTG,GAC,Directed,1
GAC,GGC,Directed,1
GGC,GCC,Directed,1
ACC,TAC,Directed,1
TAC,GAG,Directed,1
GAG,CGT,Directed,1
CGT,GTG,Directed,1
GTG,TGC,Directed,1
TGC,TCC,Directed,1
TCC,GAC,Directed,1
GAC,ACC,Directed,1
ACC,CTG,Directed,1
CTG,GAC,Directed,1
GAC,GCA,Directed,1
GCA,CTG,Directed,1
CTG,TGC,Directed,1
TGC,GAC,Directed,1
GAC,TAC,Directed,1
TAC,TTC,Directed,1
TTC,GAG,Directed,1
GAG,GAG,Directed,1
GAG,CTG,Directed,2
CTG,ACG,Directed,1
ACG,GAG,Directed,1
GAG,AAC,Directed,1
AAC,GCC,Directed,1
GCC,TCC,Directed,1
TCC,GAG,Directed,1
CTG,CAG,Directed,1
CAG,GGC,Directed,1
GGC,ACG,Directed,1
ACG,GAT,Directed,1
GAT,GTG,Directed,1
GCT,TAC,Directed,1
TAC,AGC,Directed,1
AGC,GTA,Directed,1
GTA,GGT,Directed,1
GGT,GAC,Directed,1
GAC,ATT,Directed,1
ATT,CGG,Directed,1
CTA,TTA,Directed,1
TTA,CAT,Directed,1
CAT,CAT,Directed,1
CAT,TCC,Directed,1
ATT,GAC,Directed,1
GAC,CTG,Directed,1
CTG,CTA,Directed,1
CTA,ATC,Directed,1
ATC,CTC,Directed,1
CTC,GCG,Directed,1
GCG,GGG,Directed,1
GGG,TTT,Directed,1
TTT,CCG,Directed,2
CCG,CTT,Directed,1
CTT,CCA,Directed,1
CCA,CAG,Directed,1
CAG,GAA,Directed,1
GAA,TGG,Directed,1
TGG,CGT,Directed,1
CGT,GCT,Directed,1
GCT,AAC,Directed,1
AAC,CGT,Directed,1
CGT,GAA,Directed,1
GAA,CCT,Directed,1
CCT,GGG,Directed,1
GGG,AGG,Directed,1
AGG,ACA,Directed,1
ACA,GCA,Directed,1
GCA,CGG,Directed,1
CGG,CAC,Directed,2
CAC,CTA,Directed,1
CTA,TGT,Directed,1
TGT,GAT,Directed,1
GAT,CAA,Directed,1
CAA,CCG,Directed,1
CCG,GCA,Directed,1
GCA,GAC,Directed,1
GAC,GCC,Directed,1
GCC,CAA,Directed,1
CAA,CAA,Directed,1
GAT,CTG,Directed,1
CTG,GCT,Directed,1
GCT,CAG,Directed,1
CAG,TTC,Directed,1
TTC,GCC,Directed,1
GCC,CAC,Directed,1
CAC,CAG,Directed,1
CAG,CGG,Directed,1
CGG,TCC,Directed,1
TCC,CAA,Directed,1
CAA,GCG,Directed,1
ATA,CGA,Directed,1
CGA,TTT,Directed,1
TTT,CGT,Directed,2
CAC,TGT,Directed,1
TGT,GGC,Directed,1
GGC,GGC,Directed,1
GGC,GGG,Directed,1
GGG,CAG,Directed,1
CAG,ATG,Directed,1
ATG,GAT,Directed,1
GAT,CTA,Directed,1
CTA,CAA,Directed,1
GCA,CAG,Directed,2
CAG,TGG,Directed,2
TCA,GTC,Directed,1
GCT,GCA,Directed,1
GCA,CGA,Directed,1
CGA,ACT,Directed,1
ACT,GTT,Directed,1
GTT,GCA,Directed,1
GCA,GGA,Directed,1
GGA,GAT,Directed,1
GAT,ACC,Directed,1
ACC,CGG,Directed,1
CGG,CAT,Directed,1
CAT,ACT,Directed,1
ACT,GAA,Directed,1
GAA,GTC,Directed,1
GTC,ACA,Directed,1
ACA,GTC,Directed,1
CGT,GGA,Directed,1
GGA,CTT,Directed,1
CTT,CCT,Directed,1
CCT,ACG,Directed,1
ACG,CCT,Directed,1
GCC,CTA,Directed,1
CTA,CTG,Directed,1
CTG,TAG,Directed,1
TTA,ATT,Directed,1
ATT,CCG,Directed,1
CCG,TGA,Directed,1
TGA,TTA,Directed,1
TTA,GTT,Directed,2
GTT,TAA,Directed,1
TAA,ATT,Directed,1
ATT,CTC,Directed,2
CTC,CTC,Directed,1
CTC,CAT,Directed,1
CAT,AAA,Directed,1
AAA,AAG,Directed,1
AAG,TCG,Directed,1
TCG,GTT,Directed,1
GTT,GAA,Directed,1
GAA,ACG,Directed,1
ACG,TTC,Directed,1
TTC,GAT,Directed,1
GAT,TTT,Directed,1
TTT,GAT,Directed,1
GAT,ATA,Directed,2
ATA,TTT,Directed,1
TTT,ATT,Directed,3
ATT,GTT,Directed,1
GTT,CTT,Directed,1
CTT,CAT,Directed,1
CTG,TTG,Directed,1
TCA,CTC,Directed,1
CTC,GAT,Directed,1
ATA,CAT,Directed,2
CAT,GGA,Directed,1
GGA,ACT,Directed,1
GCT,GCT,Directed,2
GCG,GAT,Directed,1
GAT,GAC,Directed,1
GAC,CAA,Directed,1
CAA,AGG,Directed,1
AGG,TAT,Directed,1
TAT,ATA,Directed,1
ATA,CTT,Directed,2
CTT,ATA,Directed,1
CTT,CCC,Directed,1
CCC,TGG,Directed,1
TGG,AGC,Directed,1
AGC,TGT,Directed,1
TGT,GAA,Directed,1
GAA,GCT,Directed,1
GCT,TAG,Directed,1
TAG,CTT,Directed,1
CTT,CTG,Directed,1
CTG,GCA,Directed,1
GCA,TAA,Directed,1
TAA,ATG,Directed,1
ATG,CTT,Directed,1
CTT,TGC,Directed,1
TGC,ATT,Directed,1
ATT,CGC,Directed,1
CGC,TTA,Directed,1
TTA,TTC,Directed,1
TTC,ATT,Directed,1
ATT,TAT,Directed,1
TAT,GTA,Directed,2
GTA,CGA,Directed,1
CGA,TTA,Directed,1
GTT,TTG,Directed,1
TTG,GTT,Directed,1
TCG,AAG,Directed,1
AAG,TTT,Directed,1
TTT,AAA,Directed,1
TTT,GTT,Directed,1
GTT,GTT,Directed,1
GTT,TTT,Directed,1
TTT,GAG,Directed,1
GAG,AGG,Directed,1
AGG,AAT,Directed,1
AAT,AAA,Directed,1
AAA,CTT,Directed,1
CTT,AAA,Directed,1
AAA,AAT,Directed,3
AAT,CAG,Directed,1
CAG,TTG,Directed,1
TTT,AAT,Directed,1
AAT,GTA,Directed,1
GTA,TAA,Directed,1
TAA,ATC,Directed,1
ATC,AAA,Directed,1
TAA,TAA,Directed,3
TCA,AAT,Directed,1
AAT,CAC,Directed,2
CAC,CAT,Directed,1
CAT,TGA,Directed,1
ACA,TCA,Directed,1
TCA,TAT,Directed,1
GTA,GCT,Directed,1
GCT,ATA,Directed,1
CAT,ATT,Directed,1
ATT,TTA,Directed,1
TTA,TTT,Directed,3
TAT,TTT,Directed,1
ATT,ATT,Directed,2
ATT,TGT,Directed,1
TGT,CAC,Directed,1
CAC,TTG,Directed,2
TTG,TAC,Directed,1
TAC,GTT,Directed,1
GTT,CCA,Directed,1
CCA,TTT,Directed,1
CGT,TTA,Directed,2
TTT,TTA,Directed,1
TTT,CAA,Directed,1
CAA,TAC,Directed,1
TAC,ACA,Directed,1
ACA,GAA,Directed,1
TTC,AGA,Directed,2
AGA,ACT,Directed,1
ACT,CAA,Directed,1
CAA,AGC,Directed,1
AGC,TCC,Directed,1
TCC,CCC,Directed,1
AGC,TAA,Directed,1
TAA,TTC,Directed,1
CAA,ACG,Directed,1
ACG,AAA,Directed,1
AAA,GTC,Directed,1
GTC,GAT,Directed,1
GAT,TAA,Directed,1
TAA,AGT,Directed,1
AGT,TGA,Directed,1
TGA,TTT,Directed,1
CCG,GAA,Directed,1
GAA,TTA,Directed,1
TTA,TTG,Directed,1
TTG,TGT,Directed,1
TGT,ATG,Directed,2
ATT,CAC,Directed,1
CAC,GTG,Directed,1
GTG,CTC,Directed,1
CTC,TTC,Directed,1
AGA,TTT,Directed,1
TTT,ATG,Directed,1
TTT,TCT,Directed,2
TCT,GAA,Directed,1
TTC,TAT,Directed,1
TAT,TGT,Directed,1
TGT,TGT,Directed,1
TGT,TCG,Directed,1
TCG,GTG,Directed,1
GTG,TTT,Directed,1
CAA,ATG,Directed,1
ATG,AAG,Directed,1
AAG,GTA,Directed,1
GTA,GTG,Directed,1
GTG,ATT,Directed,1
TTC,TTT,Directed,1
TCT,TTT,Directed,1
TTT,TTT,Directed,1
TGG,CAG,Directed,1
CAG,CAG,Directed,1
CAG,CAC,Directed,1
CAC,ACA,Directed,1
ATG,GTA,Directed,1
AAT,AAC,Directed,1
AAC,AAA,Directed,1
TTG,CCA,Directed,1
GCT,AGC,Directed,1
AGC,AAA,Directed,1
AAA,TAC,Directed,1
TAC,ACG,Directed,1
ACG,GGC,Directed,1
GGC,ACT,Directed,1
ACT,TCA,Directed,1
AAG,GGC,Directed,1
GGC,GTT,Directed,1
GTT,ATT,Directed,1
CTC,GTT,Directed,1
GTT,TCT,Directed,1
TCT,ACA,Directed,1
ACA,TTA,Directed,1
TTA,CGT,Directed,1
TTA,AAT,Directed,1
TGC,ATA,Directed,1
ATA,ACG,Directed,1
ACG,TTA,Directed,1
TTA,ATA,Directed,1
TGG,ATA,Directed,1
TCT,AAG,Directed,1
AAG,TCT,Directed,1
TCT,ACG,Directed,1
ACG,ACA,Directed,1
ACA,CTC,Directed,1
CTC,TAG,Directed,1
TAG,TGA,Directed,1
TGA,CGT,Directed,1
CGT,CCA,Directed,1
CCA,CCG,Directed,1
CCG,AAC,Directed,1
AAC,ATG,Directed,1
ATG,TTG,Directed,1
TTG,TTA,Directed,1
TTA,AAG,Directed,1
AAG,TGC,Directed,1
TGC,GGC,Directed,1
GGC,TGC,Directed,1
TGC,TGG,Directed,1
TGG,GCA,Directed,1
GCA,CCC,Directed,1
CCC,ATA,Directed,1
